Price,Close,High,Low,Open,Volume
Ticker,THYAO.IS,THYAO.IS,THYAO.IS,THYAO.IS,THYAO.IS
Date,,,,,
2026-09-07,296.75,297.25,292.25,295.0,37949058
2026-09-08,305.0,305.5,295.75,296.5,50542920
2026-09-09,301.0,306.75,300.75,302.5,58574809
2026-09-10,299.25,304.0,297.0,303.0,38386110
2026-09-11,300.25,302.75,298.25,299.25,36184804
2026-09-14,295.5,301.5,295.25,298.25,34394330
2026-09-15,285.25,296.5,285.25,295.75,38600165
2026-09-16,273.0,288.0,258.25,287.25,79653407
2026-09-17,289.25,290.0,273.5,276.5,72724185
2026-09-18,285.5,291.0,283.25,289.0,35977826
2026-09-21,293.5,294.0,282.5,287.5,51991406
2026-09-22,298.0,302.75,291.25,293.5,54419270
2026-09-23,298.5,302.25,297.25,298.75,34210549
2026-09-24,288.5,300.5,288.5,298.25,26198900
2026-09-25,290.75,294.0,289.5,292.25,20893753
2026-09-28,287.0,293.0,286.0,288.0,28590319
2026-09-29,291.5,294.25,287.5,288.0,27797456
2026-09-30,283.25,293.75,282.5,291.75,34486084
2026-10-01,286.5,290.5,284.25,285.5,33394341
2026-10-02,292.0,294.0,285.0,286.5,30905024
2026-10-05,292.25,295.25,291.75,292.25,16420946
